pair,entry_date,exit_date,direction,entry_z,exit_z,holding_days,pnl_pct,exit_reason
AAL/ALK,2023-07-20,2023-07-25,1,-3.826207329167756,2.19400977942949,5,0.03137838335088183,mean_reversion
AAL/ALK,2023-09-13,2023-09-20,1,-2.5602236848446056,-0.305442688502888,7,-0.004735558935870739,mean_reversion
AAL/ALK,2023-10-05,2023-10-09,-1,2.3670700399935005,0.038766492617772624,4,0.0050600663150401565,mean_reversion
AAL/ALK,2023-12-04,2023-12-12,-1,4.9658779990061035,-0.120943225564594,8,0.016420328390579973,mean_reversion
AAL/ALK,2024-02-20,2024-02-22,1,-2.151100415395863,-0.20277200845922802,2,0.010081923565595667,mean_reversion
AAL/ALK,2024-03-12,2024-03-15,1,-3.03447615542876,-0.46615709620671447,3,0.0033503795838461118,mean_reversion
AAL/ALK,2024-05-06,2024-05-10,-1,2.0865714295284765,0.41130032958071044,4,0.005660066067198399,mean_reversion
AAL/ALK,2024-05-21,2024-05-23,1,-2.332751963269846,-0.4492194331496441,2,0.006768002525226795,mean_reversion
AAL/ALK,2024-05-29,2024-06-05,1,-3.7914238815993597,0.018387582603718,7,-0.012238572318694858,mean_reversion
AAL/ALK,2024-09-10,2024-09-13,1,-2.284388857797592,-3.090891761369763,3,-0.038778195414019515,mean_reversion
AAL/ALK,2024-10-04,2024-10-10,-1,2.758587474276694,0.45042689999214275,6,-0.007840504174719001,mean_reversion
AAL/ALK,2024-12-05,2024-12-10,-1,4.3664445309385265,-2.2416204965301443,5,0.04453519595462363,mean_reversion
AAL/ALK,2024-12-11,2024-12-17,1,-2.1890346508104535,-0.34908661175826244,6,-0.019362746738818278,mean_reversion
AAL/ALK,2025-01-23,2025-01-29,1,-2.6208453969160836,-0.2707556796023683,6,-0.01753549227001642,mean_reversion
AAL/ALK,2025-03-10,2025-03-11,-1,2.190073991014176,-0.01937061627392047,1,0.024501543093346023,mean_reversion
AAL/ALK,2025-04-24,2025-04-29,-1,3.324018378803361,0.26483284670452145,5,0.007613325880893408,mean_reversion
AAL/ALK,2025-05-06,2025-05-09,1,-2.0578881577538155,0.1509707500670468,3,0.008598951526593426,mean_reversion
AAL/ALK,2025-07-10,2025-07-11,-1,2.858437879791212,-0.6629870633291629,1,0.011392172272969854,mean_reversion
AAL/ALK,2025-07-24,2025-07-28,1,-3.0662568694205747,-3.179673286225293,4,-0.03103970609856501,mean_reversion
AAL/ALK,2025-07-29,2025-07-30,1,-2.1996537429328615,-0.2771682024371708,1,0.00954917234443358,mean_reversion
AAL/ALK,2025-08-25,2025-08-29,1,-2.18868024087104,0.10845602625866535,4,-0.01097539730497386,mean_reversion
AAL/ALK,2025-10-23,2025-10-24,-1,3.2755094670671947,4.564000880928102,1,-0.07251324376290642,stop_loss
AAL/ALK,2025-12-04,2025-12-12,1,-2.3008320162080738,-0.35657318330953613,8,-0.02364157454505538,mean_reversion
AAL/ALK,2026-01-23,2026-01-27,1,-2.635671755535608,-3.648678687061879,4,-0.04969909783015933,mean_reversion
AAL/ALK,2026-01-28,2026-01-30,1,-2.3973605562621874,-0.13927895181925648,2,0.00734128929078436,mean_reversion
AAL/ALK,2026-05-04,2026-05-11,-1,2.5341449195944237,0.3996390974913991,7,-0.017036496624314387,mean_reversion
AAL/ALK,2026-05-27,2026-06-03,1,-2.1020006920650207,-0.13137852440298922,7,-0.003482885758597359,mean_reversion
AAL/ALK,2026-06-24,2026-06-25,-1,2.160643280201203,-0.13898649011633457,1,0.010626636762836511,mean_reversion
AAL/ALK,2026-06-29,2026-07-06,-1,2.189386010755972,0.40963092236677695,7,-0.011747390819920468,mean_reversion
XOM/MPC,2023-08-15,2023-08-23,-1,2.1479145010645038,0.25801573229310676,8,0.004762453329926561,mean_reversion
XOM/MPC,2023-08-28,2023-09-05,-1,2.1935429640672286,0.45425230847916315,8,-0.008079649109759012,mean_reversion
XOM/MPC,2023-09-27,2023-09-28,-1,2.345807541306153,0.19170154942840478,1,0.007553061339329399,mean_reversion
XOM/MPC,2023-10-06,2023-10-13,1,-2.057750239417571,0.6491645606153865,7,-0.006406436170194118,mean_reversion
XOM/MPC,2023-11-01,2023-11-02,1,-2.074756175776964,0.14269179483960553,1,0.012334735486168726,mean_reversion
XOM/MPC,2024-01-03,2024-01-04,1,-2.1721176577167,0.48699582035996136,1,0.008026310048923055,mean_reversion
XOM/MPC,2024-01-08,2024-01-16,1,-2.198191153771657,-0.2872474465525354,8,-0.011262682273414606,mean_reversion
XOM/MPC,2024-01-30,2024-02-02,1,-2.3602975174976377,-0.36839998921142486,3,-0.005161131829649842,mean_reversion
XOM/MPC,2024-02-20,2024-02-23,-1,2.048444221764484,-0.685585613765284,3,0.008217759397062329,mean_reversion
XOM/MPC,2024-04-09,2024-04-23,-1,2.5251444446476703,0.1848094274343506,14,-0.03129842235986665,mean_reversion
XOM/MPC,2024-04-30,2024-05-02,-1,3.468731176540014,-0.0564203914848023,2,0.010375130387440278,mean_reversion
XOM/MPC,2024-07-18,2024-07-19,-1,2.0949266304470546,-0.8988935225756366,1,0.01154295724429821,mean_reversion
XOM/MPC,2024-08-02,2024-08-06,-1,2.549703744479454,-2.2174681908363874,4,0.02913364358675566,mean_reversion
XOM/MPC,2024-09-09,2024-09-10,-1,2.0812222913995906,-0.5443959442199695,1,0.017354587838057,mean_reversion
XOM/MPC,2024-10-03,2024-10-04,1,-2.078551340166605,0.6026233767076928,1,0.01534820601907088,mean_reversion
XOM/MPC,2024-10-08,2024-10-10,-1,2.4517905240450295,-0.005785097294180931,2,0.008342015632718098,mean_reversion
XOM/MPC,2024-11-06,2024-11-20,1,-2.1695538055740227,-0.4413550360193725,14,-0.01690457405566215,mean_reversion
XOM/MPC,2024-12-12,2024-12-23,-1,2.2257599725650543,0.4009276319208439,11,-0.01936848735471678,mean_reversion
XOM/MPC,2025-02-04,2025-02-06,1,-2.0507252600416814,1.060575271016844,2,0.007028653772797479,mean_reversion
XOM/MPC,2025-02-26,2025-02-28,-1,2.1077973213934804,0.43272675633918,2,0.0024711309528251913,mean_reversion
XOM/MPC,2025-03-05,2025-03-12,-1,2.163360932808075,-0.5019163451332905,7,-0.012330560026207905,mean_reversion
XOM/MPC,2025-04-03,2025-04-07,-1,2.783850160228115,-0.204050794272596,4,0.015848758510308834,mean_reversion
XOM/MPC,2025-04-09,2025-04-11,1,-2.2187442032655995,-0.09445152062330651,2,0.01699929218153339,mean_reversion
XOM/MPC,2025-05-05,2025-05-09,1,-2.0867739260688576,-0.35328997605983287,4,-0.009242239177278788,mean_reversion
XOM/MPC,2025-06-02,2025-06-23,-1,2.09671517284455,-0.00822970167285362,21,-0.018796267711038196,mean_reversion
XOM/MPC,2025-07-18,2025-07-23,1,-2.5846469553285583,-0.25109325482428824,5,-0.0016336256466135345,mean_reversion
XOM/MPC,2025-07-24,2025-07-28,-1,2.4685240012967986,0.26884472505389295,4,0.005143959870856544,mean_reversion
XOM/MPC,2025-09-05,2025-09-10,1,-2.453894136207977,1.1480131866047085,5,0.00877042040490435,mean_reversion
XOM/MPC,2025-10-23,2025-10-27,1,-2.060212473732138,-0.3175631699803548,4,-0.002848335566348686,mean_reversion
XOM/MPC,2025-11-04,2025-11-06,-1,3.3675357031614075,-1.103922748167872,2,0.020298288169726342,mean_reversion
XOM/MPC,2025-11-20,2025-11-21,-1,2.0306578600815275,0.32041725958497946,1,0.004976949771999696,mean_reversion
XOM/MPC,2025-12-03,2025-12-05,-1,2.0996903140857506,-0.11843281645461277,2,0.006279410316888827,mean_reversion
XOM/MPC,2025-12-17,2025-12-24,-1,2.583249260140314,0.44338783158033407,7,-0.03480680390027146,mean_reversion
XOM/MPC,2026-01-05,2026-01-09,1,-2.196277387700281,-0.11078646704015635,4,-0.008281970900379909,mean_reversion
XOM/MPC,2026-02-03,2026-02-10,1,-2.075034132420585,-0.18146926273804043,7,-0.018668898560538556,mean_reversion
XOM/MPC,2026-03-04,2026-03-05,1,-2.7006266712020377,-0.46765467062440313,1,0.008944869155956669,mean_reversion
XOM/MPC,2026-07-07,2026-07-08,-1,2.953906953174168,-1.7001761948154475,1,0.026680697502713485,mean_reversion
XOM/MPC,2026-07-09,2026-07-10,1,-2.131361666494669,-0.052923303235467435,1,0.0023289852754083936,mean_reversion
TXN/NXPI,2023-07-20,2023-07-21,-1,2.4409235441283093,3.0540450185120367,1,-0.011115267291431905,mean_reversion
TXN/NXPI,2023-07-24,2023-07-25,-1,2.6885146966351012,0.16498061093156127,1,0.013124679648902956,mean_reversion
TXN/NXPI,2023-07-26,2023-07-31,1,-2.4742793349360297,0.24174459413229563,5,0.0021218884007144297,mean_reversion
TXN/NXPI,2023-08-11,2023-08-21,-1,2.2447905826761616,0.1639175227535178,10,-0.013167527226859512,mean_reversion
TXN/NXPI,2023-10-19,2023-10-27,-1,2.6657181664688094,0.32962634334393515,8,0.001042268749404847,mean_reversion
TXN/NXPI,2023-10-30,2023-11-06,-1,2.614518931009123,-0.8166827798628775,7,0.008660475250873413,mean_reversion
TXN/NXPI,2024-01-02,2024-01-10,-1,2.7305317505473634,0.2932530902485296,8,-0.01816650997438776,mean_reversion
TXN/NXPI,2024-02-05,2024-02-15,1,-2.186551101359423,0.1937513968951021,10,-0.026370401454344487,mean_reversion
TXN/NXPI,2024-03-05,2024-03-12,-1,2.0610967789413044,0.34063520834174643,7,0.0038210238020592218,mean_reversion
TXN/NXPI,2024-03-15,2024-03-19,-1,2.582521499833576,0.26372085238844684,4,0.012656076252593362,mean_reversion
TXN/NXPI,2024-04-30,2024-05-06,1,-3.616612921991162,-0.10637565410996606,6,0.005855661550789647,mean_reversion
TXN/NXPI,2024-07-17,2024-07-22,-1,3.0060384671211446,-1.0633567919954026,5,0.007848182709719695,mean_reversion
TXN/NXPI,2024-07-23,2024-07-24,-1,2.6117286452332498,3.1712745041519255,1,-0.01685401603636138,mean_reversion
TXN/NXPI,2024-07-25,2024-07-29,-1,2.8067971542901584,0.4553498434862843,4,0.0021133212069944524,mean_reversion
TXN/NXPI,2024-10-22,2024-10-23,1,-2.163293061082035,1.1650984792581074,1,0.007466122285334367,mean_reversion
TXN/NXPI,2024-10-24,2024-10-25,-1,2.3329935260542,-0.30783800219313767,1,0.0057480595295059745,mean_reversion
TXN/NXPI,2024-10-28,2024-10-30,1,-3.318564692474956,1.3631085948571948,2,0.011509007459567674,mean_reversion
TXN/NXPI,2024-10-31,2024-11-05,-1,2.928324867679852,3.2405781533646243,5,-0.020987799411489955,mean_reversion
TXN/NXPI,2024-11-06,2024-11-13,-1,3.2613297060728863,-0.6752112655475672,7,0.0017093182293555576,mean_reversion
TXN/NXPI,2025-01-16,2025-01-21,1,-2.9103984783273487,0.037338383738322066,5,0.008667186849197015,mean_reversion
TXN/NXPI,2025-01-24,2025-01-30,1,-3.2284534053605274,0.5234309387852081,6,0.0026083717277530878,mean_reversion
TXN/NXPI,2025-02-21,2025-03-05,-1,2.0407617442632615,0.3277348684494045,12,-0.0283135442648722,mean_reversion
TXN/NXPI,2025-04-11,2025-04-25,1,-2.3734547949746614,-0.45829403318853323,14,-0.023042225740164204,mean_reversion
TXN/NXPI,2025-06-04,2025-06-09,1,-2.4402448447938605,-0.17387527138598405,5,0.01271246154602695,mean_reversion
TXN/NXPI,2025-07-14,2025-07-17,-1,2.054853345834957,-0.6455734672315191,3,0.005933701737889203,mean_reversion
TXN/NXPI,2025-07-21,2025-07-23,1,-2.131961019289259,-4.519961938255937,2,-0.05968838097795001,mean_reversion
TXN/NXPI,2025-07-24,2025-07-29,1,-2.662832405045856,-0.1619442847390785,5,0.0075395733655305485,mean_reversion
TXN/NXPI,2025-10-10,2025-10-13,-1,2.844291693404968,0.20596415551332312,3,0.015086099014226365,mean_reversion
TXN/NXPI,2025-12-02,2025-12-17,1,-2.080537482785431,0.052641625128041936,15,-0.025343423290554657,mean_reversion
TXN/NXPI,2026-01-20,2026-01-28,-1,2.1053235682443963,3.45922490828234,8,-0.05067406742687939,mean_reversion
TXN/NXPI,2026-01-29,2026-02-04,-1,3.4120236552353034,0.3597953999289473,6,-0.028097371086220152,mean_reversion
TXN/NXPI,2026-02-11,2026-02-18,1,-2.1534640329921304,-0.057599891612935814,7,0.016336687374826162,mean_reversion
TXN/NXPI,2026-04-23,2026-04-29,-1,4.6684742891247915,-4.615466842748832,6,0.12578486134390357,mean_reversion
DHI/LEN,2023-07-21,2023-07-26,-1,2.2524897797198884,-0.10602419558398274,5,-0.004130177746965564,mean_reversion
DHI/LEN,2023-09-18,2023-09-20,1,-2.2683787623190557,0.08443856985731997,2,0.00022139416310742186,mean_reversion
DHI/LEN,2023-10-16,2023-10-30,-1,2.195391302796419,0.42493733763736247,14,-0.013866166720092065,mean_reversion
DHI/LEN,2023-11-07,2023-11-10,-1,2.5702463494200027,-0.3293046236757214,3,-0.0008969439896779276,mean_reversion
DHI/LEN,2023-12-15,2023-12-26,-1,2.2909511491953904,0.19411989489706954,11,-0.007566035580671677,mean_reversion
DHI/LEN,2024-01-10,2024-01-12,1,-2.60999506039693,0.849395128115851,2,0.0011904391041155787,mean_reversion
DHI/LEN,2024-01-23,2024-01-30,1,-4.382133987642798,0.10059070661415992,7,-0.013112773335977029,mean_reversion
DHI/LEN,2024-03-14,2024-03-20,-1,4.708582597658835,-0.24727558489280288,6,0.005037812691159554,mean_reversion
DHI/LEN,2024-05-10,2024-05-13,1,-2.0977565571413828,-3.069498906531291,3,-0.00949753791704959,mean_reversion
DHI/LEN,2024-05-22,2024-05-28,-1,2.0200848809136556,0.1050955463703144,6,0.0010555935092238723,mean_reversion
DHI/LEN,2024-06-18,2024-06-25,-1,2.357125184449784,-0.516859998840669,7,-0.00435055505491167,mean_reversion
DHI/LEN,2024-07-18,2024-07-23,-1,4.639379435278921,0.23458600655124853,5,-0.0035795966814579122,mean_reversion
DHI/LEN,2024-09-17,2024-09-20,1,-2.4258057316548864,3.3930528416045944,3,0.00782406655792333,mean_reversion
DHI/LEN,2024-10-29,2024-10-31,1,-4.0072498951461295,-0.42375545042448687,2,0.002300513968162661,mean_reversion
DHI/LEN,2024-12-19,2024-12-20,-1,3.1438349195641564,3.509202379694012,1,-0.01184035611844568,stop_loss
DHI/LEN,2024-12-23,2024-12-27,-1,2.233196562918098,0.4872272599130116,4,-0.005636692304709772,mean_reversion
DHI/LEN,2025-01-28,2025-01-29,1,-2.066524644005588,-0.39653836976817247,1,0.0032456362128696877,mean_reversion
DHI/LEN,2025-02-06,2025-02-14,1,-2.066522902855501,0.27698395607462817,8,-0.007652801919721343,mean_reversion
DHI/LEN,2025-03-11,2025-03-13,-1,2.42579445376403,-0.1059163116297498,2,0.004679956452596349,mean_reversion
DHI/LEN,2025-03-21,2025-03-25,-1,2.7444712513369605,-0.319761397535042,4,0.006125353266737092,mean_reversion
DHI/LEN,2025-04-04,2025-04-07,-1,2.7190850319278956,-0.56777882819759,3,0.008319155342800505,mean_reversion
DHI/LEN,2025-06-13,2025-06-18,-1,2.182299090590324,3.4164385418860403,5,-0.018835938608061993,mean_reversion
DHI/LEN,2025-07-22,2025-07-25,-1,4.649388321389939,-0.4778308999820228,3,0.012241569887631719,mean_reversion
DHI/LEN,2025-09-19,2025-09-22,-1,3.2708402039572806,3.091802620980138,3,-0.010825161677479121,stop_loss
DHI/LEN,2025-10-07,2025-10-21,1,-2.260104326037038,0.10463230464788097,14,-0.0362200218102152,mean_reversion
DHI/LEN,2025-11-17,2025-11-20,-1,2.3284602966277896,0.08275545466080732,3,0.00893452484650421,mean_reversion
DHI/LEN,2025-12-03,2025-12-08,-1,2.109327234795124,0.30988718832987694,5,-0.010249875658265142,mean_reversion
DHI/LEN,2025-12-18,2025-12-19,-1,2.534842138622748,-0.018322600464107195,1,0.010652753850932162,mean_reversion
DHI/LEN,2026-01-06,2026-01-15,1,-2.5602851625454788,-0.4315409307795524,9,-0.019106409982932258,mean_reversion
DHI/LEN,2026-02-19,2026-02-24,-1,2.0807102945617837,0.1315720000203019,5,-0.0013315577833091859,mean_reversion
DHI/LEN,2026-03-09,2026-03-13,-1,2.0739147308318002,-0.4413939189812297,4,-0.0018481221717157326,mean_reversion
DHI/LEN,2026-03-30,2026-04-06,-1,2.5179522536288506,0.2777289939746532,7,-0.015242454701605308,mean_reversion
DHI/LEN,2026-04-21,2026-04-24,-1,2.561861289895609,-0.6016791533390677,3,0.003655212848341233,mean_reversion
DHI/LEN,2026-05-06,2026-05-26,1,-2.2896071000021325,-0.00380103065543867,20,-0.005610097396702619,mean_reversion
DHI/LEN,2026-06-09,2026-06-12,-1,2.326999335997267,3.911681094291592,3,-0.023549317991071933,mean_reversion
DHI/LEN,2026-06-15,2026-06-25,-1,2.991373510709233,0.03853913577440928,10,-0.016812049253493434,mean_reversion
AEP/EXC,2023-08-17,2023-08-25,1,-2.3717079576583227,-0.34229016679985774,8,-0.0028103597993230428,mean_reversion
AEP/EXC,2023-09-05,2023-09-11,1,-2.016900469256018,-0.45718362686727637,6,-0.003995743546026578,mean_reversion
AEP/EXC,2023-09-19,2023-09-20,-1,2.503736558369237,3.008225622018293,1,-0.007355901412157218,mean_reversion
AEP/EXC,2023-09-21,2023-10-05,-1,2.60076258630753,-1.2177405525558618,14,0.015502281005462543,mean_reversion
AEP/EXC,2023-10-12,2023-10-16,1,-2.0055224759450985,-0.036607890952280495,4,0.010831636954304592,mean_reversion
AEP/EXC,2023-12-14,2023-12-15,-1,3.773829303183203,3.955879594216162,1,-0.02574780286634396,stop_loss
AEP/EXC,2023-12-18,2023-12-26,-1,3.2892539499559845,0.4230889267657981,8,0.019223417002342598,mean_reversion
AEP/EXC,2024-02-29,2024-03-04,-1,2.117365829226973,-0.1692686682278414,4,0.009690770214594198,mean_reversion
AEP/EXC,2024-03-11,2024-03-20,1,-2.1300594253168965,-0.4602863234382483,9,0.0014414820796861114,mean_reversion
AEP/EXC,2024-04-23,2024-05-14,-1,2.205444197094634,-0.0335903595961478,21,-0.021356097054307313,mean_reversion
AEP/EXC,2024-06-12,2024-06-13,-1,2.3097276484009863,0.24130880649583747,1,0.007628171855922313,mean_reversion
AEP/EXC,2024-08-05,2024-08-15,1,-2.561567738402161,-3.507334928502595,10,-0.009982769380170575,mean_reversion
AEP/EXC,2024-08-16,2024-08-27,1,-2.684408195031922,-0.3334897071953548,11,0.0052232672391077225,mean_reversion
AEP/EXC,2024-09-12,2024-09-18,1,-2.2090523857230826,-0.2240663420388215,6,0.0035827518947407324,mean_reversion
AEP/EXC,2024-09-20,2024-10-10,1,-2.424849744228507,-0.389162533791597,20,-0.013783256463478482,mean_reversion
AEP/EXC,2024-10-31,2024-11-01,-1,3.32069446940042,3.4250499742243954,1,-0.00884569460639962,stop_loss
AEP/EXC,2024-11-04,2024-11-11,-1,3.3771839728071433,-0.7020520674683416,7,0.023515283295976526,mean_reversion
AEP/EXC,2025-01-06,2025-01-10,1,-2.0539303804957267,1.4660539885169157,4,0.02183455075710251,mean_reversion
AEP/EXC,2025-04-03,2025-04-09,1,-2.671525751927679,-0.19781020822628406,6,-0.0010014004175595325,mean_reversion
AEP/EXC,2025-06-04,2025-06-10,-1,2.215170791326188,-0.6294832086103197,6,-6.008848350474907e-05,mean_reversion
AEP/EXC,2025-07-16,2025-07-28,-1,2.57216044810545,0.014929069547996292,12,-0.007238959692009986,mean_reversion
AEP/EXC,2025-07-30,2025-08-05,-1,3.3537538876660387,0.25157027055176867,6,0.0027879063218760694,mean_reversion
AEP/EXC,2025-09-05,2025-09-12,1,-2.2068440582029014,-0.0436889243731312,7,0.004795281631084942,mean_reversion
AEP/EXC,2025-09-18,2025-09-26,1,-2.1726640039598304,-0.0411774888578304,8,-0.0008788154628339442,mean_reversion
AEP/EXC,2025-10-29,2025-11-14,-1,3.763276708981114,-0.024752166141982647,16,-0.011526802945583572,mean_reversion
AEP/EXC,2026-01-09,2026-01-16,-1,2.391672621706311,0.040847738623589584,7,0.00119971437007174,mean_reversion
AEP/EXC,2026-02-03,2026-02-06,-1,2.256228371090699,0.448732566149254,3,0.0011158528847878607,mean_reversion
AEP/EXC,2026-04-08,2026-04-28,-1,2.420790950496931,0.3125234738902529,20,-0.027049335677041413,mean_reversion
AEP/EXC,2026-04-30,2026-05-04,-1,2.2333193459545555,-0.7208272909714151,4,0.013663935101262906,mean_reversion
AEP/EXC,2026-05-13,2026-06-04,1,-2.1908361808641335,-0.1326871054642391,22,-0.010914950039676175,mean_reversion
AEP/EXC,2026-06-23,2026-06-25,-1,2.1449731876880906,3.089348456941744,2,-0.012831296756330053,mean_reversion
AEP/EXC,2026-06-26,2026-07-02,-1,2.306461360983385,0.41923465072723476,6,0.003878723568407412,mean_reversion
XOM/VLO,2023-07-19,2023-07-27,1,-2.360092731809062,-0.25275769945924487,8,-0.015394317762200578,mean_reversion
XOM/VLO,2023-07-28,2023-07-31,1,-2.2094850222678875,0.18704318299613834,3,0.01307432760528852,mean_reversion
XOM/VLO,2023-09-11,2023-09-14,1,-2.5317680867238934,-0.08257276870543614,3,0.008854374851604344,mean_reversion
XOM/VLO,2023-10-03,2023-10-06,-1,2.1887755703002143,0.15912349365060618,3,0.010809642338799004,mean_reversion
XOM/VLO,2023-12-18,2023-12-21,1,-2.225421174829254,-0.25910099461737035,3,-0.0015984582560116846,mean_reversion
XOM/VLO,2024-01-02,2024-01-11,-1,2.153184325172668,-0.25301110227041623,9,0.006503000535760064,mean_reversion
XOM/VLO,2024-02-16,2024-02-20,-1,2.4298490479796326,3.0486398861630133,4,-0.013192100306233842,mean_reversion
XOM/VLO,2024-02-21,2024-02-23,-1,2.459271380999504,-0.18188635279011509,2,0.01868368617566703,mean_reversion
XOM/VLO,2024-03-13,2024-03-22,1,-2.1815181547877303,-0.23631898410859706,9,-0.01876541622522427,mean_reversion
XOM/VLO,2024-04-09,2024-04-23,-1,2.2197099183088786,0.48450475506326107,14,-0.0263439756822526,mean_reversion
XOM/VLO,2024-05-17,2024-05-29,1,-3.0891284980691265,0.8119674586843659,12,0.004451595024518283,mean_reversion
XOM/VLO,2024-07-18,2024-07-19,-1,2.0247031512320897,-0.12042704463379067,1,0.011516977506966931,mean_reversion
XOM/VLO,2024-07-25,2024-08-01,1,-2.287219241292431,-0.17292139548972207,7,-0.006146823624384615,mean_reversion
XOM/VLO,2024-09-26,2024-09-27,1,-2.5808454342520135,-0.47026403718789944,1,0.013619857669997532,mean_reversion
XOM/VLO,2024-11-06,2024-11-20,1,-2.4010609208162537,-0.48622896457610937,14,-0.013641803616437471,mean_reversion
XOM/VLO,2024-12-19,2024-12-30,-1,2.0309506555917047,0.037424356054370736,11,-0.0004888716947403535,mean_reversion
XOM/VLO,2025-01-10,2025-01-22,1,-2.4334012170040564,-0.02884952560463558,12,-0.02014583091866419,mean_reversion
XOM/VLO,2025-04-03,2025-04-08,-1,4.08085157052526,0.3940406312573171,5,0.015413939208497218,mean_reversion
XOM/VLO,2025-05-05,2025-05-21,1,-2.2921712628604074,0.29716937737863214,16,-0.03617045199353404,mean_reversion
XOM/VLO,2025-07-10,2025-07-14,1,-2.5637907162299602,0.37249098527470004,4,0.013173527280673843,mean_reversion
XOM/VLO,2025-07-24,2025-08-04,-1,2.654612616211813,0.11246998719366844,11,-0.0005475052973099226,mean_reversion
XOM/VLO,2025-09-03,2025-09-10,1,-2.124957738471558,0.3028721474338142,7,-0.009623900117331531,mean_reversion
XOM/VLO,2025-10-03,2025-10-13,-1,3.169123061333026,0.47387153827734385,10,0.005646519029897985,mean_reversion
XOM/VLO,2025-10-23,2025-10-28,1,-2.280599064790586,-0.020479304440214074,5,0.004902257922076147,mean_reversion
XOM/VLO,2025-11-20,2025-11-24,-1,2.342843342571923,0.04704868455140244,4,0.012721706510494524,mean_reversion
XOM/VLO,2025-12-11,2025-12-19,-1,2.107063306347023,0.4801932289850846,8,-0.016911123354924902,mean_reversion
XOM/VLO,2026-01-05,2026-01-07,1,-3.3471867758331597,-3.3604887850791223,2,-0.03875641828064569,mean_reversion
XOM/VLO,2026-01-08,2026-01-09,1,-2.2888613780005573,-0.20116709309770292,1,0.020916362243493417,mean_reversion
XOM/VLO,2026-03-02,2026-03-04,1,-2.0609164985061543,-3.0427654169122182,2,-0.04118333862338672,mean_reversion
XOM/VLO,2026-05-21,2026-05-22,-1,2.144380595976118,0.011346110217291996,1,0.011227771758995551,mean_reversion
XOM/VLO,2026-06-25,2026-06-30,1,-2.3607770942802806,0.029065503287789955,5,-0.015931554143637866,mean_reversion
XOM/VLO,2026-07-07,2026-07-08,-1,2.396294835503925,-0.9984266673914982,1,0.030898099826402424,mean_reversion
SLB/PSX,2023-07-21,2023-08-02,1,-3.230516997848694,0.005239082945260932,12,-0.004794156194514254,mean_reversion
SLB/PSX,2023-08-29,2023-09-07,-1,2.0381738269341363,-0.09524661518859553,9,3.3899089491760785e-05,mean_reversion
SLB/PSX,2023-09-08,2023-09-12,1,-2.5395683953540926,-0.22594312060378374,4,0.005330808402324534,mean_reversion
SLB/PSX,2023-10-09,2023-10-17,-1,2.071692426750441,0.16421007922670203,8,-0.007083839612029598,mean_reversion
SLB/PSX,2023-10-31,2023-11-03,1,-2.017867704496331,-0.4753224564268786,3,-0.003420405546153342,mean_reversion
SLB/PSX,2023-11-29,2023-11-30,1,-2.2120234582707847,-3.542022430642421,1,-0.028152083212696036,mean_reversion
SLB/PSX,2023-12-14,2023-12-20,-1,2.6596743540707295,0.4103339696419847,6,0.011779435480342874,mean_reversion
SLB/PSX,2024-01-22,2024-01-25,-1,2.0708807679750643,-0.3914977018944203,3,0.01053134328892583,mean_reversion
SLB/PSX,2024-01-30,2024-02-06,1,-4.030290839511441,-0.3396831346822374,7,-0.025224399579886345,mean_reversion
SLB/PSX,2024-03-28,2024-04-02,1,-2.107172484969618,-3.105968521071105,5,-0.022035255802266607,mean_reversion
SLB/PSX,2024-04-03,2024-04-05,1,-2.432608870824841,0.09088537882601223,2,0.00539246623343632,mean_reversion
SLB/PSX,2024-06-24,2024-06-26,-1,2.5682055893693856,-0.6376129610868537,2,0.015609600784427267,mean_reversion
SLB/PSX,2024-07-25,2024-07-30,1,-2.467138798934007,-3.0690947222736384,5,-0.02511827353165784,mean_reversion
SLB/PSX,2024-10-18,2024-10-23,1,-2.9398708096608863,0.6099002192107827,5,0.013793512499838505,mean_reversion
SLB/PSX,2024-11-06,2024-11-13,-1,2.1209061322312266,-1.8400598487979072,7,0.007764732549675212,mean_reversion
SLB/PSX,2024-12-16,2024-12-18,-1,2.14041534188589,0.04093970093831684,2,0.011762648856196267,mean_reversion
SLB/PSX,2025-01-17,2025-01-22,-1,3.238519019831724,-0.7198822777945552,5,0.012521524511199412,mean_reversion
SLB/PSX,2025-03-05,2025-03-11,-1,2.74154696967888,0.31451983331887146,6,0.00521566147601186,mean_reversion
SLB/PSX,2025-03-25,2025-03-31,-1,2.64660794679039,0.30786891381119974,6,-0.004090571719912902,mean_reversion
SLB/PSX,2025-04-03,2025-04-04,-1,3.4907240098089214,0.4584170305714748,1,0.01818479006230867,stop_loss
SLB/PSX,2025-04-23,2025-05-01,1,-2.4507111115749414,-0.21106493871992796,8,-0.009532193162296615,mean_reversion
SLB/PSX,2025-05-13,2025-05-19,1,-2.4058394822557623,-0.10050766550155506,6,-0.006840931101824337,mean_reversion
SLB/PSX,2025-05-21,2025-05-29,-1,2.190331897718513,0.3304263892126264,8,0.01365075550982629,mean_reversion
SLB/PSX,2025-07-18,2025-07-22,1,-2.479281081737893,0.7785540537924218,4,0.012180477069010973,mean_reversion
SLB/PSX,2025-07-24,2025-07-29,-1,2.501042283704546,-0.12946503705109463,5,0.00846494153813121,mean_reversion
SLB/PSX,2025-09-15,2025-09-18,1,-2.303914677180154,-0.10123702848268964,3,-0.0031131606051775125,mean_reversion
SLB/PSX,2025-09-24,2025-09-26,1,-2.4072392743506144,0.23548128432261703,2,0.00039080029301136274,mean_reversion
SLB/PSX,2025-10-22,2025-10-29,-1,2.141696654780578,0.2287822903450286,7,-0.004795348222112977,mean_reversion
SLB/PSX,2025-12-04,2025-12-09,-1,2.3146968221239184,0.20227385585354182,5,-0.0027554582683032187,mean_reversion
SLB/PSX,2025-12-17,2025-12-23,-1,2.2226686861921685,0.08123678412546882,6,-0.008378771306031322,mean_reversion
SLB/PSX,2026-01-13,2026-01-15,-1,2.002452318031752,0.0626904372377301,2,-0.0012114291822385628,mean_reversion
SLB/PSX,2026-01-28,2026-02-11,1,-2.517106500803457,-0.4210496086032172,14,-0.03673695460208079,mean_reversion
SLB/PSX,2026-03-03,2026-03-09,1,-2.659248022237571,0.24928165100412997,6,-0.02668816060457578,mean_reversion
SLB/PSX,2026-03-12,2026-03-16,1,-2.662906069677975,-0.25360090482182757,4,0.00420805630939557,mean_reversion
SLB/PSX,2026-04-08,2026-04-14,-1,2.12470399654404,0.41984761196102743,6,-0.025375355423385173,mean_reversion
SLB/PSX,2026-04-29,2026-05-06,1,-2.4174653742056185,0.2640508703873666,7,-0.0025885067912031134,mean_reversion
VLO/OXY,2023-08-31,2023-09-07,1,-2.0310602030460165,-0.2675267890759008,7,0.006434485137091332,mean_reversion
VLO/OXY,2023-09-11,2023-09-14,-1,2.5272931609893035,0.09600886659560932,3,0.015936824169381546,mean_reversion
VLO/OXY,2023-09-21,2023-09-26,-1,2.5451885586497904,-0.005412404385681036,5,0.01916173938876511,mean_reversion
VLO/OXY,2023-10-06,2023-10-23,1,-2.2430110549211375,0.1289052131647316,17,0.0008836682585662775,mean_reversion
VLO/OXY,2023-12-01,2023-12-20,-1,2.1084183572249042,0.35549201774472833,19,-0.013595506686618863,mean_reversion
VLO/OXY,2024-01-26,2024-02-13,-1,2.536034110081287,0.4488113386953026,18,-0.02614074069327077,mean_reversion
VLO/OXY,2024-02-16,2024-02-26,1,-2.5103463393531062,-0.27696045361874894,10,0.018274072658752655,mean_reversion
VLO/OXY,2024-04-12,2024-05-08,1,-2.1060609926727856,0.09279484041987343,26,-0.010402931966806611,mean_reversion
VLO/OXY,2024-05-17,2024-05-29,-1,3.2978542982088808,0.35809474558685866,12,0.01225286680352651,mean_reversion
VLO/OXY,2024-06-24,2024-06-28,1,-2.217751364247942,-0.21492731169721574,4,0.019267470209144703,mean_reversion
VLO/OXY,2024-07-25,2024-08-08,-1,3.1737899208180416,0.3480916250925469,14,-0.004219238445863923,mean_reversion
VLO/OXY,2024-09-26,2024-09-30,-1,2.418839242551113,0.03874214851141237,4,0.019781983040782637,mean_reversion
VLO/OXY,2024-11-08,2024-11-21,-1,2.096164943178546,0.4993712162466276,13,-0.01255165958693296,mean_reversion
VLO/OXY,2024-12-18,2025-01-10,1,-2.1765317947329246,-0.3126506615057074,23,-0.037325703135477645,mean_reversion
VLO/OXY,2025-01-21,2025-02-07,-1,2.0908204803771335,0.47168435036888795,17,-0.02075097083782389,mean_reversion
VLO/OXY,2025-04-03,2025-04-07,1,-2.0603517911453797,0.8515219807051623,4,0.02781450630281206,mean_reversion
VLO/OXY,2025-04-08,2025-04-16,-1,2.6301701809237636,0.03415860766475611,8,0.01989560314641107,mean_reversion
VLO/OXY,2025-05-05,2025-05-08,-1,2.108034570969952,0.44219584226694014,3,0.02005405257476071,mean_reversion
VLO/OXY,2025-06-09,2025-06-17,1,-2.124129979748842,-0.2877901629442322,8,0.01454730224931692,mean_reversion
VLO/OXY,2025-07-15,2025-07-17,-1,2.224657071579161,0.26552228000853373,2,0.02226410671295489,mean_reversion
VLO/OXY,2025-07-24,2025-08-18,1,-2.1796011556801114,-0.4273928842241378,25,-0.005860597199048254,mean_reversion
VLO/OXY,2025-09-03,2025-09-29,-1,2.7362464158493656,0.06492054760168861,26,-0.03441562160219759,mean_reversion
VLO/OXY,2025-10-23,2025-11-12,-1,2.0892704993854734,-0.19567660568471526,20,-0.026083551265101368,mean_reversion
VLO/OXY,2025-11-20,2026-01-05,1,-2.4739745386501455,1.9676836178466797,46,0.02314908316656112,mean_reversion
VLO/OXY,2026-01-07,2026-01-12,-1,2.3306104659769264,-0.0857769083618996,5,0.029195631800328158,mean_reversion
VLO/OXY,2026-02-19,2026-03-02,1,-3.13899646534191,-0.49534827923104335,11,0.009321469194768773,mean_reversion
VLO/OXY,2026-04-14,2026-04-22,-1,2.119736091985155,0.4397117397585597,8,0.015075743822504317,mean_reversion
VLO/OXY,2026-05-08,2026-05-13,-1,2.1404392914884167,0.19702262607996715,5,0.019142888293789045,mean_reversion
VLO/OXY,2026-05-21,2026-05-28,1,-2.5185459697679002,-0.4084425148608893,7,0.018821159382589287,mean_reversion
VLO/OXY,2026-06-25,2026-06-26,-1,2.928556127591941,3.2291353143023334,1,-0.02218043038832734,mean_reversion
VLO/OXY,2026-06-29,2026-07-07,-1,3.293201821855394,0.23258975675160717,8,0.02244583089108479,mean_reversion
